part0000.xhtml	    109 chars	Title Page
part0001.xhtml	    778 chars	Contents
part0003.xhtml	   4794 chars	Foreword
part0004.xhtml	   5373 chars	Acknowledgements
part0005.xhtml	   4950 chars	Preface
part0006.xhtml	  17081 chars	Introduction
part0007.xhtml	  29177 chars	Section 1: Chassis Dynamics
part0008.xhtml	  20770 chars	Chapter 2: Steering
part0009.xhtml	  41852 chars	Chapter 3: Suspension
part0010.xhtml	  21668 chars	Section 2: Mental Dynamics
part0011.xhtml	  17220 chars	Chapter 5: Concentration
part0012.xhtml	  17243 chars	Chapter 6: Right Attitude
part0013.xhtml	   9449 chars	Section 3: Body Dynamics
part0014.xhtml	  20627 chars	Chapter 8: Line Selection
part0015.xhtml	  13512 chars	Chapter 9: Throttle Control
part0016.xhtml	  10885 chars	Chapter 10: Shifting
part0017.xhtml	  29697 chars	Chapter 11: Braking
part0018.xhtml	  24445 chars	Chapter 12: Body Positioning
part0019.xhtml	   6892 chars	Chapter 13: Low-Speed Turns
part0020.xhtml	  14968 chars	Chapter 14: Riding Two-Up
part0021.xhtml	  34398 chars	Section 4: Machine Setup
part0022.xhtml	  20527 chars	Chapter 16: Chassis Tuning
part0023.xhtml	  16563 chars	Chapter 17: Ergonomics
part0024.xhtml	  15110 chars	Chapter 18: Aerodynamics
part0025.xhtml	  20368 chars	Section 5: Rider Setup
part0026.xhtml	  25128 chars	Chapter 20: Riding Gear
part0027.xhtml	   8936 chars	Epilogue
part0028.xhtml	   4054 chars	Appendix
part0030.xhtml	   4760 chars	Index
part0031.xhtml	    689 chars	Photo Credits
part0032.xhtml	    470 chars	
part0033.xhtml	   1675 chars	Copyright